<?xml version="1.0" encoding="UTF-8"?>
<project-private xmlns="http://www.netbeans.org/ns/project-private/1">
    <editor-bookmarks xmlns="http://www.netbeans.org/ns/editor-bookmarks/2" lastBookmarkId="0"/>
    <open-files xmlns="http://www.netbeans.org/ns/projectui-open-files/2">
        <group>
            <file>file:/C:/Users/crisser%20anzell%20lat/Documents/NetBeansProjects/EMSystem/src/jobme/pk/Dashboard.java</file>
            <file>file:/C:/Users/crisser%20anzell%20lat/Documents/NetBeansProjects/EMSystem/src/jobme/pk/WelcometoEBS.java</file>
            <file>file:/C:/Users/crisser%20anzell%20lat/Documents/NetBeansProjects/EMSystem/src/jobme/pk/MySQLConnection.java</file>
            <file>file:/C:/Users/crisser%20anzell%20lat/Documents/NetBeansProjects/EMSystem/src/jobme/pk/Operations.java</file>
            <file>file:/C:/Users/crisser%20anzell%20lat/Documents/NetBeansProjects/EMSystem/src/jobme/pk/LoginSession.java</file>
            <file>file:/C:/Users/crisser%20anzell%20lat/Documents/NetBeansProjects/EMSystem/src/jobme/pk/Client.java</file>
            <file>file:/C:/Users/crisser%20anzell%20lat/Documents/NetBeansProjects/EMSystem/src/jobme/pk/Logout.java</file>
            <file>file:/C:/Users/crisser%20anzell%20lat/Documents/NetBeansProjects/EMSystem/src/jobme/pk/admin_page.java</file>
            <file>file:/C:/Users/crisser%20anzell%20lat/Documents/NetBeansProjects/EMSystem/src/jobme/pk/history.java</file>
            <file>file:/C:/Users/crisser%20anzell%20lat/Documents/NetBeansProjects/EMSystem/src/jobme/pk/LoginForm.java</file>
            <file>file:/C:/Users/crisser%20anzell%20lat/Documents/NetBeansProjects/EMSystem/src/jobme/pk/Add_user.java</file>
        </group>
    </open-files>
</project-private>
